"Tank.Name","Stock.number.","Date.of.Birth","Fish.name","Genotype.","Responsible","Number.of.fish","Experiment.label","Food.label","Notes"
"4_A1",24588,"4-Nov-22","chrnb2_75","het","VMS","5","GENOTYPE","JD","Successfully edited stocks"
"4_A2",24556,"4-Nov-22","chrnb2_89","het","VMS","10","GENOTYPE","JD","Successfully edited stocks"
"4_A3",24507,"27-Sep-22","vamp4_74","mut","VMS","2","GENOTYPE","JA","Sucessfully edited notes"
"4_A4",NA,NA,NA,NA,NA,NA,NA,NA,NA
"4_A5",NA,NA,NA,NA,NA,NA,NA,NA,NA
"4_A6",NA,NA,NA,NA,NA,NA,NA,NA,NA
"4_A7",NA,NA,NA,NA,NA,NA,NA,NA,NA
"4_A8",24588,"4-Nov-22","chrnb2_75","het","VMS","1","GENOTYPE","JD","hope the log works"
"4_A9",18000,"7/7/2023","Tc1b-M1-L4","+/+,+/- ; GFP+","VW/MHM ","1","GENOTYPE","SD","add_test_johson room"
"4_A10",26162,"6/1/2023","syt11b_vms1_75 ","(+/+ or +/- or -/-)","VMS","1","GENOTYPE","SD","csv work well for transfer to johnson nursery as well"
"4_A11",26222,"14-Jun-23","vamp4_vms1_84(+/+ or +/- or -/-)","(+/+ or +/- or -/-)","VMS","600","TRANSPLANT","SD","please work again and again"
"4_A12",24588,"4-Nov-22","chrnb2_75","het","VMS","1","GENOTYPE","JD","Enter notes"
"4_A13",18000,"2023-07-07","Enter fish name","Enter genotype","Enter owner name","1","GENOTYPE","SD",""
"4_A14",24588,"4-Nov-22","chrnb2_75","het","VMS","1","GENOTYPE","JD","test_adult transfer_1"
"4_A15",NA,"","","","",NA,"","",""
"4_B1",24007,"11-Jun-22","syt11a_51","het","VMS","7","","SC",""
"4_B2",23880,"20-Jul-22","syt11b_80","het","VMS",NA,"","JB",""
"4_B3",23879,"20-Jul-22","syt11b_75","het","VMS",NA,"","SD",""
"4_B4",24008,"11-Jun-22","vamp4_74","het","VMS",NA,"","JB",""
"4_B5",24045,"18-Jun-22","vamp4_84","het","VMS",NA,"","JB",""
"4_B6",24203,"22-Sep-22","fhdc5_38","het","VMS",NA,"","JB",""
"4_B7",24202,"22-Sep-22","fhdc5_44","het","VMS",NA,"","SD",""
"4_B8",23783,"13-Jul-22","chrnb2_89","het","VMS",NA,"","JB",""
"4_B9",23782,"13-Jul-22","chrnb2_75","het","VMS",NA,"","JA",""
"4_B10",24137,"13-Sep-22","stl261:pleca","het","VMS",NA,"","JE",""
"4_B11",23781,"13-Jul-22","shootin3_61","het","VMS",NA,"","JB",""
"4_B12",23923,"28-Jul-22","shootin3_64","het","VMS",NA,"","JB",""
"4_B13",NA,"","","","",NA,"","",""
"4_B14",NA,"","","","",NA,"","",""
"4_B15",NA,"","","","",NA,"","",""
"4_C1",24799,"9-Nov-22","fhdc5_44","het","VMS","30","","SF",""
"4_C2",24916,"5-Jan-23","Tg(olig2:GFP)","GFP/+","VMS","30","SURGERY","SD",""
"4_C3",24916,"5-Jan-23","Tg(olig2:GFP)","GFP/+","VMS","30","SURGERY","SD",""
"4_C4",24506,"27-Nov-22","shootin3_61","het","VMS","30","","SD",""
"4_C5",24886,"29-Nov-22","Tg(gfap:GFP)","GFP/+","VMS","40","SURGERY","SF",""
"4_C6",24887,"29-Nov-22","TÃœ","wt","VMS","40","","SF",""
"4_C7",NA,"","","","",NA,"","",""
"4_C8",NA,"","","","",NA,"","",""
"4_C9",NA,"","","","",NA,"","",""
"4_C10",NA,"","","","",NA,"","",""
"4_D1",24796,"9-Nov-22","vamp4_84","het","VMS","30","","SD",""
"4_D2",24796,"9-Nov-22","vamp4_84","wt/mut","VMS","30","","SD",""
"4_D3",24796,"9-Nov-22","vamp4_84","wt/mut","VMS","30","","SD",""
"4_D4",23606,"14-Jun-22","Tg(vglut2a:RFP); Tg(gad1b:GFP)","RFP/+;GFP/+","VMS","30","","SB",""
"4_D5",23606,"14-Jun-22","Tg(vglut2a:RFP); Tg(gad1b:GFP)","RFP/+;GFP/+","VMS","30","","SB",""
"4_D6",24801,"9-Nov-22","chrnb2_75","het","VMS","40","","SD",""
"4_D7",24800,"9-Nov-22","chrnb2_89","het","VMS","40","","SD",""
"4_D8",24798,"9-Nov-22","shootin3_61","het","VMS","40","","SF",""
"4_D9",NA,"","","","",NA,"","",""
"4_D10",NA,"","","","",NA,"","",""
"4_E1",25649,"6-Apr-23","EKAB","wt","VMS","40","SURGERY","SH",""
"4_E2",25649,"6-Apr-23","EKAB","wt","VMS","40","SURGERY","SH",""
"4_E3",25649,"6-Apr-23","EKAB","wt","VMS","40","SURGERY","SH",""
"4_E4",24789,"9-Nov-22","shootin3_61","wt","VMS","30","SURGERY","SF",""
"4_E5",24789,"9-Nov-22","shootin3_61","mut","VMS","30","SURGERY","SF",""
"4_E6",NA,"","","","",NA,"","",""
"4_E7",25784,"20-Apr-23","syt11a_51","wt/het/mut","VMS","30","GENOTYPE, SURGERY","SD",""
"4_E8",25748,"13-Apr-23","shootin3_64","wt/het/mut","VMS","40","GENOTYPE, SURGERY","SF",""
"4_E9",25748,"13-Apr-23","shootin3_64","wt/het/mut","VMS","40","GENOTYPE, SURGERY","SF",""
"4_E10",25748,"13-Apr-23","shootin3_64","wt/het/mut","VMS","40","GENOTYPE, SURGERY","SF",""
"4_F1",24557,"4-Nov-22","shootin_64","het","VMS","20","","SF",""
"4_F2",24555,"3-Nov-22","syt11a_51","het","VMS","20","","SH",""
"4_F3",24138,"13-Aug-22","stl236:plecb","het","VMS","20","","SF",""
"4_F4",24559,"4-Nov-22","syt11b_75","het","VMS","20","","SH",""
"4_F5",24630,"6-Apr-23","stl261:pleca","wt/het","VMS","30","GENOTYPE","SF",""
"4_F6",24630,"6-Apr-23","stl261:pleca","wt/het","VMS","30","GENOTYPE","SF",""
"4_F7",25983,"10-May-23","syt11a_51 ; syt11b_75","wt/het ; wt/het","VMS","40","GENOTYPE","SH",""
"4_F8",25982,"10-May-23","syt11a_51","wt/het/mut","VMS","40","GENOTYPE","SH",""
"4_F9",25982,"10-May-23","syt11a_51","wt/het/mut","VMS","40","GENOTYPE","SH",""
"4_F10",NA,"","","","",NA,"","",""
"4_G1",24799,"9-Nov-22","fhdc5_44","wt","VMS","25","SUGERY","SF",""
"4_G2",24799,"9-Nov-22","fhdc5_44","mut","VMS","25","SUGERY","SF",""
"4_G3",NA,"","","","",NA,"","",""
"4_G4",NA,"","","","",NA,"","",""
"4_G5",24797,"9-Nov-22","vamp4_74","wt","VMS","25","SUGERY","SD",""
"4_G6",24797,"9-Nov-22","vamp4_74","het","VMS","25","SUGERY","SD",""
"4_G7",24801,"9-Nov-22","chrnb2_75","wt","VMS","25","SUGERY","SD",""
"4_G8",24801,"9-Nov-22","chrnb2_75","mut","VMS","25","SUGERY","SD",""
"4_G9",24802,"9-Nov-22","chrnb2_89","wt","VMS","25","SUGERY","SD",""
"4_G10",24802,"9-Nov-22","chrnb2_89","mut","VMS","25","SUGERY","SD",""
