"Date.and.time","Stock.number.","Date.of.Birth","Fish.name","Genotype","Responsible","Number.of.fish","Action"
"6/20/2023",24802,"11/9/2022","syt11b_75","wt","VMS",15,"SURGERY"
"5/20/2023",24802,"11/9/2022","syt11b_75","mut","VMS",15,"SURGERY"
"6/23/2023",25982,"5/10/2023","syt11a_vms1_51","(+/+ or +/- or -/-)","VMS",80,"TRANSFER NURSERY TO JOHNSON"
"6/23/2023",25983,"5/10/2023","syt11a_vms1_51; syt11b_vms_75","(+/+ or+/- );(+/+ or +/-)","VMS",40,"TRANSFER NURSERY TO JOHNSON"
"7/3/2023",18000,"7/3/2023","vishnu","vms","asas",1," ADDED STOCK IN THE Walker Nursery"
"7/3/2023",18000,"7/3/2023","asdasd","asdsad","asd",1," ADDED STOCK IN THE Johnson Fish Room"
"7/5/2023",18000,"7/3/2023","vishnu","vms","asas",50," TRANFERRED STOCK FROM Walker Nursery TO 2_A8 IN Streisinger_room"
"7/5/2023",18000,"7/3/2023","vishnu","vms","asas",550," TRANFERRED STOCK FROM Walker Nursery TO 2_A9 IN Streisinger_room"
"7/5/2023",26222,"6/14/2023","vamp4_vms1_84(+/+ or +/- or -/-)","(+/+ or +/- or -/-)","VMS",600," TRANFERRED STOCK FROM Johnson Nursery TO 4_A5 IN Johnson_room"
"7/5/2023",25984,"5/10/2023","hivep3b-NTR2.0-mcherry (knockin F0)","F0","VMS",1," TRANFERRED STOCK FROM Walker Nursery TO 2_A10 IN Streisinger_room"
"7/5/2023",25984,"5/10/2023","hivep3b-NTR2.0-mcherry (knockin F0)","F0","VMS",1," TRANFERRED STOCK FROM Walker Nursery TO 2_A11 IN Streisinger_room"
"7/5/2023",26162,"6/1/2023","syt11b_vms1_75 ","(+/+ or +/- or -/-)","VMS",1," TRANFERRED STOCK FROM Johnson Nursery TO 4_A6 IN Johnson_room"
"7/7/2023",24588,"11/4/2022","chrnb2_75","het","VMS",1," TRANSFERRED STOCK FROM TANK LOCATION4_A1 TO 4_A7"
"7/7/2023",24588,"11/4/2022","chrnb2_75","het","VMS",1," TRANSFERRED STOCK FROM Johnson Fish Room TANK LOCATION- 4_A1 TO 4_A7"
"7/7/2023",24588,"11/4/2022","chrnb2_75","het","VMS",1," TRANSFERRED STOCK FROM Johnson Fish Room TANK LOCATION- 4_A1 TO 4_A7"
"7/7/2023",25985,"5/10/2023","hivep3b-CreERT2-mcherry(knockin F0)","F0","VMS",1," TRANSFERRED STOCK FROM Walker Nursery TO 2_A8 IN Streisinger Room"
"7/7/2023",23163,"5/11/2023","shootin3_crispr_f1","F1/+","VMS",1," TRANSFERRED STOCK FROM Streisinger Fish Room TANK LOCATION- 2_A1 TO 2_A9"
"7/7/2023",23163,"5/12/2023","shootin3_crispr_f1","F1/+","VMS",1," TRANSFERRED STOCK FROM Streisinger Fish Room TANK LOCATION- 2_A1 TO 2_A9"
"7/7/2023",24588,"11/4/2022","chrnb2_75","het","VMS",1," TRANSFERRED STOCK FROM Johnson Fish Room TANK LOCATION- 4_A1 TO 4_A8"
"7/7/2023",18000,"7/7/2023","asasd","","",1," ADDED STOCK IN THE Walker Nursery"
"7/7/2023",18000,"7/7/2023","mstnb","GFP/+","Enter owner name",1," ADDED STOCK IN THE Johnson Nursery"
"7/7/2023",18000,"7/7/2023","Enter fish name","Enter genotype","Enter owner name",1," ADDED STOCK IN THE Walker Nursery"
"30:01.7",18000,"7/7/2023","mm520 inj","RFP/+ ; GFP/+ ; +/+ or +/- or -/-","MAT/MHM",1," ADDED STOCK IN THE Walker Nursery"
"07-Jul-2023 15.40",18000,"7/7/2023","ctgfa-/- x EK/AB","+/+,+/-,-/- ; GFP+","Enter owner name",1," ADDED STOCK IN THE Walker Nursery"
"07-Jul-2023 16.00",18000,"7/7/2023","cited2-M1-L1","+/+,+/-,-/-","VW/MHM ",1," ADDED STOCK IN THE Walker Nursery"
"52:04.4",18000,"7/7/2023","A new kind of a fish","stl715/+","KT/MHM",1," ADDED STOCK IN THE Streisinger Fish Room"
"53:21.1",18000,"7/7/2023","Tc1b-M1-L4","+/+,+/- ; GFP+","VW/MHM ",1," ADDED STOCK IN THE Johnson Fish Room"
"07-Jul-2023 18.08",25985,"5/10/2023","hivep3b-CreERT2-mcherry(knockin F0)","F0","VMS",1," TRANSFERRED STOCK FROM Walker Nursery TO 2_A11 IN Streisinger Room"
"07-Jul-2023 18.09",26162,"6/1/2023","syt11b_vms1_75 ","(+/+ or +/- or -/-)","VMS",1," TRANSFERRED STOCK FROM Johnson Nursery TO 4_A10 IN Johnson Room"
"07-Jul-2023 18.10",26222,"14-Jun-23","vamp4_vms1_84(+/+ or +/- or -/-)","(+/+ or +/- or -/-)","VMS",600," TRANSFERRED STOCK FROM Johnson Fish Room TANK LOCATION- 4_A5 TO 4_A11"
"07-Jul-2023 18.11",22377,"15-Apr-21","chrnb2_F0","F0","VMS",2," TRANSFERRED STOCK FROM Streisinger Fish Room TANK LOCATION- 2_A5 TO 2_A12"
"07-Jul-2023 22.58",24588,"4-Nov-22","chrnb2_75","het","VMS",1," TRANSFERRED STOCK FROM Johnson Fish Room TANK LOCATION- 4_A1 TO 4_A12"
"07-Jul-2023 23.05",24588,"4-Nov-22","chrnb2_75","het","VMS",1," TRANSFERRED STOCK FROM Johnson Fish Room TANK LOCATION- 4_A1 TO "
"07-Jul-2023 23.07",24588,"4-Nov-22","chrnb2_75","het","VMS",1," TRANSFERRED STOCK FROM Johnson Fish Room TANK LOCATION- 4_A1 TO "
"07-Jul-2023 23.17",201022,"7/7/2023","Test_1","savage","VMS/MHM",40," ADDED STOCK IN THE Walker Nursery"
"07-Jul-2023 23.18",201022,"7/7/2023","Test2","+/+,+/- ; GFP+","MHM",40," ADDED STOCK IN THE Johnson Nursery"
"07-Jul-2023 23.21",18000,"7/7/2023","Enter fish name","Enter genotype","Enter owner name",1," ADDED STOCK IN THE Johnson Fish Room"
"07-Jul-2023 23.22",18000,"7/7/2023","Test3","Enter genotype","Enter owner name",1," ADDED STOCK IN THE Streisinger Fish Room"
"07-Jul-2023 23.22",25984,"5/10/2023","hivep3b-NTR2.0-mcherry (knockin F0)","F0","VMS",1," TRANSFERRED STOCK FROM Walker Nursery TO 2_A14 IN Streisinger Room"
"07-Jul-2023 23.36",24588,"4-Nov-22","chrnb2_75","het","VMS",1," TRANSFERRED STOCK FROM Johnson Fish Room TANK LOCATION- 4_A1 TO 4_A14"
"09-Jul-2023 15.19",24588,"4-Nov-22","chrnb2_75","het","VMS",10," MADE FOLLOWING EDIT TO THE STOCK: "
"09-Jul-2023 15.23",23163,"11-Apr-21","shootin3_crispr_f1","F1/+","VMS",1," MADE FOLLOWING EDIT TO THE STOCK: "
"09-Jul-2023 15.23",22678,"13-Apr-21","chrnb2_f1/ fhdc5_f1","F1/+","VMS",2," MADE FOLLOWING EDIT TO THE STOCK: "
"09-Jul-2023 15.27",24556,"4-Nov-22","chrnb2_89","het","VMS",10," MADE FOLLOWING EDIT TO THE STOCK: <div id=""log_output_Aedit"" class=""shiny-text-output""></div>"
"09-Jul-2023 15.31",24507,"27-Sep-22","vamp4_74","mut","VMS",2," MADE FOLLOWING EDIT TO THE STOCK: "
"09-Jul-2023 15.38",24588,"4-Nov-22","chrnb2_75","het","VMS",10," MADE FOLLOWING EDIT TO THE STOCK: "
"09-Jul-2023 15.43",24556,"4-Nov-22","chrnb2_89","het","VMS",10,""
"09-Jul-2023 15.46",24507,"27-Sep-22","vamp4_74","mut","VMS",2,""
"09-Jul-2023 15.51",18000,"3-Jul-23","asdasd","asdsad","asd",1,""
"09-Jul-2023 15.55",18000,"3-Jul-23","asdasd","Some  new genotype","asd",1,""
"09-Jul-2023 15.56",24588,"4-Nov-22","chrnb2_75","het","VMS",5,"EDITED THE STOCK"
"09-Jul-2023 15.59",23163,"12-Apr-2021","syt11b_crispr_f1","F1/+","VMS",2,"EDITED THE STOCK "
"09-Jul-2023 16.21",NA,NA,NA,NA,NA,NA,"EUTHANIZED THE STOCK"
"09-Jul-2023 20.31",NA,NA,NA,NA,NA,NA,"EUTHANIZED THE STOCK"
"09-Jul-2023 20.34",24588,"4-Nov-22","chrnb2_75","het","VMS",1,"EUTHANIZED THE STOCK"
"09-Jul-2023 20.37",18000,"2023-07-07","A new kind of a fish","stl715/+","KT/MHM",1,"EUTHANIZED THE STOCK"
"09-Jul-2023 20.38",23928,"17-Apr-2021","atf3_F0","F0","VMS",7,"EUTHANIZED THE STOCK"
"09-Jul-2023 20.39",22678,"13-Apr-2021","chrnb2_f1/ fhdc5_f1","F1/+","VMS",2,"EUTHANIZED THE STOCK"
"09-Jul-2023 20.39",25985,"18-Apr-2021","hivep3b-CreERT2-mcherry(knockin F0)","F0","VMS",1,"EUTHANIZED THE STOCK"
"09-Jul-2023 20.39",25985,"18-Apr-2021","hivep3b-CreERT2-mcherry(knockin F0)","F0","VMS",1,"EUTHANIZED THE STOCK"
"09-Jul-2023 20.39",25985,"18-Apr-2021","hivep3b-CreERT2-mcherry(knockin F0)","F0","VMS",1,"EUTHANIZED THE STOCK"
"09-Jul-2023 20.48",24588,"4-Nov-22","chrnb2_75","het","VMS",1,"EDITED THE STOCK "
"09-Jul-2023 23.32",25984,"5/10/2023","hivep3b-NTR2.0-mcherry (knockin F0)","F0","VMS",39,"EDITED THE NURSERY STOCK "
"09-Jul-2023 23.58",25984,"5/10/2023","hivep3b-NTR2.0-mcherry (knockin F0)","F0","VMS",38,"EDITED THE NURSERY STOCK "
"09-Jul-2023 23.59",201022,"2023-07-07","Test2","+/+,+/- ; GFP+","MHM",39,"EDITED THE NURSERY STOCK "
"10-Jul-2023 00.06",26163,"6/1/2023","syt11b_vms1_75 (+/+ or +/-); syt11a_vms1_51 (+/+ or +/-)","GFP/+","VMS",40,"EDITED THE NURSERY STOCK "
"10-Jul-2023 00.08",26162,"6/1/2023","syt11b_vms1_75 ","(+/+ or +/- or -/-)","VMS",38,"EDITED THE NURSERY STOCK "
"10-Jul-2023 00.10",25984,"5/10/2023","hivep3b-NTR2.0-mcherry (knockin F0)","F0","VMS",1," TRANSFERRED STOCK FROM Walker Nursery TO 2_A15 IN Streisinger Room"
"10-Jul-2023 00.20",201022,"7/7/2023","Test2","+/+,+/- ; GFP+","MHM",39,"EUTHANIZED THE NURSERY STOCK"
"10-Jul-2023 00.22",18000,"7/7/2023","asasd",NA,NA,1,"EUTHANIZED THE NURSERY STOCK"
"10-Jul-2023 00.22",25984,"5/10/2023","hivep3b-NTR2.0-mcherry (knockin F0)","F0","VMS",37,"EDITED THE NURSERY STOCK "
"10-Jul-2023 17.11",11991,"2023-07-10","vishnu","+/+,+/- ; GFP+","VMS/MHM",100," ADDED STOCK IN THE Johnson Nursery"
"10-Jul-2023 17.12",11991,"2023-07-10","vishnu","+/+,+/- ; GFP+","VMS/MHM",50,"EDITED THE NURSERY STOCK "
"10-Jul-2023 17.12",11991,"2023-07-10","vishnu","+/+,+/- ; GFP+","VMS/MHM",50,"EUTHANIZED THE NURSERY STOCK"
"10-Jul-2023 17.14",20231007,"2023-07-10","crazy vishnu","F0/F0","god knows",150," ADDED STOCK IN THE Walker Nursery"
"10-Jul-2023 17.14",20231007,"2023-07-10","crazy vishnu","F0/F0","god knows",150,"EUTHANIZED THE NURSERY STOCK"
